N,f_insert_us,f_insert_per_us,f_query_us,f_query_per_us,f_delete_us,f_delete_per_us,f_mem_mb,u_insert_us,u_insert_per_us,u_query_us,u_query_per_us,u_delete_us,u_delete_per_us,u_mem_mb
1000,572.000,0.572,175.000,0.175,361.000,0.361,0.000,38.000,0.038,8.000,0.008,27.000,0.027,0.000
5000,3009.000,0.602,1074.000,0.215,2069.000,0.414,1.000,184.000,0.037,56.000,0.011,155.000,0.031,0.000
10000,7635.000,0.763,2039.000,0.204,4900.000,0.490,0.000,526.000,0.053,148.000,0.015,392.000,0.039,0.000
50000,35076.000,0.702,12908.000,0.258,26697.000,0.534,3.000,2033.000,0.041,560.000,0.011,1483.000,0.030,1.000
100000,75509.000,0.755,25905.000,0.259,53451.000,0.535,5.000,5526.000,0.055,1375.000,0.014,4001.000,0.040,3.000
200000,157918.000,0.790,72095.000,0.360,130929.000,0.655,9.000,14532.000,0.073,3549.000,0.018,10346.000,0.052,6.000
500000,1032202.000,2.064,256691.000,0.513,433290.000,0.867,38.000,65241.000,0.130,12008.000,0.024,58960.000,0.118,15.000
750000,7221282.000,9.628,1398494.000,1.865,2314880.000,3.087,69.000,279584.000,0.373,54707.000,0.073,286313.000,0.382,23.000
1000000,9525817.000,9.526,1948500.000,1.948,3107647.000,3.108,97.000,457619.000,0.458,75586.000,0.076,395585.000,0.396,30.000
